dateTime,unixTime,lux
2018-02-13 12:02:08.910868,1518490928.9108627,0.0
2018-02-13 12:07:08.910863,1518491228.9108627,15.707165793555161
2018-02-13 12:12:08.910863,1518491528.9108627,31.409547032250874
2018-02-13 12:17:08.910863,1518491828.9108627,47.10236061864945
2018-02-13 12:22:08.910863,1518492128.9108627,62.78082636971277
2018-02-13 12:27:08.910863,1518492428.9108627,78.44016847289235
2018-02-13 12:32:08.910863,1518492728.9108627,94.07561694088812
2018-02-13 12:37:08.910863,1518493028.9108627,109.68240906463272
2018-02-13 12:42:08.910863,1518493328.9108627,125.2557908640589
2018-02-13 12:47:08.910863,1518493628.9108627,140.7910185362078
2018-02-13 12:52:08.910863,1518493928.9108627,156.2833599002373
2018-02-13 12:57:08.910863,1518494228.9108627,171.7280958388903
2018-02-13 13:02:08.910863,1518494528.9108627,187.1205217359834
2018-02-13 13:07:08.910863,1518494828.9108627,202.4559489094785
2018-02-13 13:12:08.910863,1518495128.9108627,217.72970603970094
2018-02-13 13:17:08.910863,1518495428.9108627,232.93714059226866
2018-02-13 13:22:08.910863,1518495728.9108627,248.07362023529924
2018-02-13 13:27:08.910863,1518496028.9108627,263.1345342504631
2018-02-13 13:32:08.910863,1518496328.9108627,278.11529493745263
2018-02-13 13:37:08.910863,1518496628.9108627,293.011339011441
2018-02-13 13:42:08.910863,1518496928.9108627,307.8181289931018
2018-02-13 13:47:08.910863,1518497228.9108627,322.53115459077026
2018-02-13 13:52:08.910863,1518497528.9108627,337.1459340743208
2018-02-13 13:57:08.910863,1518497828.9108627,351.6580156403464
2018-02-13 14:02:08.910863,1518498128.9108627,366.0629787682202
2018-02-13 14:07:08.910863,1518498428.9108627,380.3564355666295
2018-02-13 14:12:08.910863,1518498728.9108627,394.5340321101697
2018-02-13 14:17:08.910863,1518499028.9108627,408.5914497655921
2018-02-13 14:22:08.910863,1518499328.9108627,422.5244065073017
2018-02-13 14:27:08.910863,1518499628.9108627,436.32865822170334
2018-02-13 14:32:08.910863,1518499928.9108627,449.99999999999994
2018-02-13 14:37:08.910863,1518500228.9108627,463.5342674190487
2018-02-13 14:42:08.910863,1518500528.9108627,476.9273378098844
2018-02-13 14:47:08.910863,1518500828.9108627,490.1751315135244
2018-02-13 14:52:08.910863,1518501128.9108627,503.2736131236722
2018-02-13 14:57:08.910863,1518501428.9108627,516.2187927159414
2018-02-13 15:02:08.910863,1518501728.9108627,529.0067270632259
2018-02-13 15:07:08.910863,1518502028.9108627,541.6335208368434
2018-02-13 15:12:08.910863,1518502328.9108627,554.0953277930925
2018-02-13 15:17:08.910863,1518502628.9108627,566.3883519448536
2018-02-13 15:22:08.910863,1518502928.9108627,578.5088487178854
2018-02-13 15:27:08.910863,1518503228.9108627,590.4531260914565
2018-02-13 15:32:08.910863,1518503528.9108627,602.2175457229724
2018-02-13 15:37:08.910863,1518503828.9108627,613.7985240562487
2018-02-13 15:42:08.910863,1518504128.9108627,625.1925334130975
2018-02-13 15:47:08.910863,1518504428.9108627,636.3961030678927
2018-02-13 15:52:08.910863,1518504728.9108627,647.405820304786
2018-02-13 15:57:08.910863,1518505028.9108627,658.2183314572534
2018-02-13 16:02:08.910863,1518505328.9108627,668.8303429296549
2018-02-13 16:07:08.910863,1518505628.9108627,679.2386222004948
2018-02-13 16:12:08.910863,1518505928.9108627,689.4399988070802
2018-02-13 16:17:08.910863,1518506228.9108627,699.4313653112738
2018-02-13 16:22:08.910863,1518506528.9108627,709.2096782460499
2018-02-13 16:27:08.910863,1518506828.9108627,718.7719590425636
2018-02-13 16:32:08.910863,1518507128.9108627,728.1152949374527
2018-02-13 16:37:08.910863,1518507428.9108627,737.2368398600926
2018-02-13 16:42:08.910863,1518507728.9108627,746.1338152995376
2018-02-13 16:47:08.910863,1518508028.9108627,754.8035111508816
2018-02-13 16:52:08.910863,1518508328.9108627,763.2432865407834
2018-02-13 16:57:08.910863,1518508628.9108627,771.4505706319011
2018-02-13 17:02:08.910863,1518508928.9108627,779.4228634059947
2018-02-13 17:07:08.910863,1518509228.9108627,787.1577364254562
2018-02-13 17:12:08.910863,1518509528.9108627,794.6528335730342
2018-02-13 17:17:08.910863,1518509828.9108627,801.905871769531
2018-02-13 17:22:08.910863,1518510128.9108627,808.9146416692504
2018-02-13 17:27:08.910863,1518510428.9108627,815.677008332985
2018-02-13 17:32:08.910863,1518510728.9108627,822.1909118783408
2018-02-13 17:37:08.910863,1518511028.9108627,828.4543681071964
2018-02-13 17:42:08.910863,1518511328.9108627,834.4654691101086
2018-02-13 17:47:08.910863,1518511628.9108627,840.2223838474815
2018-02-13 17:52:08.910863,1518511928.9108627,845.7233587073175
2018-02-13 17:57:08.910863,1518512228.9108627,850.9667180393851
2018-02-13 18:02:08.910863,1518512528.9108627,855.9508646656382
2018-02-13 18:07:08.910863,1518512828.9108627,860.6742803667319
2018-02-13 18:12:08.910863,1518513128.9108627,865.1355263444871
2018-02-13 18:17:08.910863,1518513428.9108627,869.3332436601614
2018-02-13 18:22:08.910863,1518513728.9108627,873.2661536483969
2018-02-13 18:27:08.910863,1518514028.9108627,876.9330583067117
2018-02-13 18:32:08.910863,1518514328.9108627,880.3328406604251
2018-02-13 18:37:08.910863,1518514628.9108627,883.4644651028976
2018-02-13 18:42:08.910863,1518514928.9108627,886.3269777109872
2018-02-13 18:47:08.910863,1518515228.9108627,888.919506535624
2018-02-13 18:52:08.910863,1518515528.9108627,891.2412618674133
2018-02-13 18:57:08.910863,1518515828.9108627,893.2915364771898
2018-02-13 19:02:08.910863,1518516128.9108627,895.069705831446
2018-02-13 19:07:08.910863,1518516428.9108627,896.575228282571
2018-02-13 19:12:08.910863,1518516728.9108627,897.8076452338418
2018-02-13 19:17:08.910863,1518517028.9108627,898.7665812791164
2018-02-13 19:22:08.910863,1518517328.9108627,899.4517443171862
2018-02-13 19:27:08.910863,1518517628.9108627,899.8629256407521
2018-02-13 19:32:08.910863,1518517928.9108627,900.0
2018-02-13 19:37:08.910863,1518518228.9108627,899.8629256407521
2018-02-13 19:42:08.910863,1518518528.9108627,899.4517443171862
2018-02-13 19:47:08.910863,1518518828.9108627,898.7665812791164
2018-02-13 19:52:08.910863,1518519128.9108627,897.8076452338418
2018-02-13 19:57:08.910863,1518519428.9108627,896.575228282571
2018-02-13 20:02:08.910863,1518519728.9108627,895.069705831446
2018-02-13 20:07:08.910863,1518520028.9108627,893.2915364771899
2018-02-13 20:12:08.910863,1518520328.9108627,891.2412618674133
2018-02-13 20:17:08.910863,1518520628.9108627,888.919506535624
2018-02-13 20:22:08.910863,1518520928.9108627,886.3269777109872
2018-02-13 20:27:08.910863,1518521228.9108627,883.4644651028976
2018-02-13 20:32:08.910863,1518521528.9108627,880.3328406604251
2018-02-13 20:37:08.910863,1518521828.9108627,876.9330583067117
2018-02-13 20:42:08.910863,1518522128.9108627,873.2661536483969
2018-02-13 20:47:08.910863,1518522428.9108627,869.3332436601614
2018-02-13 20:52:08.910863,1518522728.9108627,865.1355263444871
2018-02-13 20:57:08.910863,1518523028.9108627,860.674280366732
2018-02-13 21:02:08.910863,1518523328.9108627,855.9508646656383
2018-02-13 21:07:08.910863,1518523628.9108627,850.9667180393851
2018-02-13 21:12:08.910863,1518523928.9108627,845.7233587073176
2018-02-13 21:17:08.910863,1518524228.9108627,840.2223838474815
2018-02-13 21:22:08.910863,1518524528.9108627,834.4654691101086
2018-02-13 21:27:08.910863,1518524828.9108627,828.4543681071963
2018-02-13 21:32:08.910863,1518525128.9108627,822.1909118783408
2018-02-13 21:37:08.910863,1518525428.9108627,815.677008332985
2018-02-13 21:42:08.910863,1518525728.9108627,808.9146416692503
2018-02-13 21:47:08.910863,1518526028.9108627,801.9058717695311
2018-02-13 21:52:08.910863,1518526328.9108627,794.6528335730342
2018-02-13 21:57:08.910863,1518526628.9108627,787.1577364254563
2018-02-13 22:02:08.910863,1518526928.9108627,779.4228634059948
2018-02-13 22:07:08.910863,1518527228.9108627,771.4505706319011
2018-02-13 22:12:08.910863,1518527528.9108627,763.2432865407835
2018-02-13 22:17:08.910863,1518527828.9108627,754.8035111508815
2018-02-13 22:22:08.910863,1518528128.9108627,746.1338152995376
2018-02-13 22:27:08.910863,1518528428.9108627,737.2368398600926
2018-02-13 22:32:08.910863,1518528728.9108627,728.1152949374527
2018-02-13 22:37:08.910863,1518529028.9108627,718.7719590425635
2018-02-13 22:42:08.910863,1518529328.9108627,709.2096782460499
2018-02-13 22:47:08.910863,1518529628.9108627,699.4313653112739
2018-02-13 22:52:08.910863,1518529928.9108627,689.4399988070802
2018-02-13 22:57:08.910863,1518530228.9108627,679.2386222004949
2018-02-13 23:02:08.910863,1518530528.9108627,668.8303429296549
2018-02-13 23:07:08.910863,1518530828.9108627,658.2183314572535
2018-02-13 23:12:08.910863,1518531128.9108627,647.405820304786
2018-02-13 23:17:08.910863,1518531428.9108627,636.3961030678928
2018-02-13 23:22:08.910863,1518531728.9108627,625.1925334130974
2018-02-13 23:27:08.910863,1518532028.9108627,613.7985240562488
2018-02-13 23:32:08.910863,1518532328.9108627,602.2175457229725
2018-02-13 23:37:08.910863,1518532628.9108627,590.4531260914565
2018-02-13 23:42:08.910863,1518532928.9108627,578.5088487178855
2018-02-13 23:47:08.910863,1518533228.9108627,566.3883519448536
2018-02-13 23:52:08.910863,1518533528.9108627,554.0953277930926
2018-02-13 23:57:08.910863,1518533828.9108627,541.6335208368433
2018-02-14 00:02:08.910863,1518534128.9108627,529.0067270632259
2018-02-14 00:07:08.910863,1518534428.9108627,516.2187927159414
2018-02-14 00:12:08.910863,1518534728.9108627,503.2736131236722
2018-02-14 00:17:08.910863,1518535028.9108627,490.17513151352455
2018-02-14 00:22:08.910863,1518535328.9108627,476.9273378098844
2018-02-14 00:27:08.910863,1518535628.9108627,463.53426741904894
2018-02-14 00:32:08.910863,1518535928.9108627,449.99999999999994
2018-02-14 00:37:08.910863,1518536228.9108627,436.32865822170345
2018-02-14 00:42:08.910863,1518536528.9108627,422.52440650730165
2018-02-14 00:47:08.910863,1518536828.9108627,408.5914497655922
2018-02-14 00:52:08.910863,1518537128.9108627,394.53403211016956
2018-02-14 00:57:08.910863,1518537428.9108627,380.35643556662956
2018-02-14 01:02:08.910863,1518537728.9108627,366.0629787682204
2018-02-14 01:07:08.910863,1518538028.9108627,351.6580156403464
2018-02-14 01:12:08.910863,1518538328.9108627,337.145934074321
2018-02-14 01:17:08.910863,1518538628.9108627,322.5311545907702
2018-02-14 01:22:08.910863,1518538928.9108627,307.818128993102
2018-02-14 01:27:08.910863,1518539228.9108627,293.01133901144095
2018-02-14 01:32:08.910863,1518539528.9108627,278.11529493745275
2018-02-14 01:37:08.910863,1518539828.9108627,263.13453425046293
2018-02-14 01:42:08.910863,1518540128.9108627,248.0736202352993
2018-02-14 01:47:08.910863,1518540428.9108627,232.93714059226892
2018-02-14 01:52:08.910863,1518540728.9108627,217.72970603970094
2018-02-14 01:57:08.910863,1518541028.9108627,202.45594890947868
2018-02-14 02:02:08.910863,1518541328.9108627,187.12052173598337
2018-02-14 02:07:08.910863,1518541628.9108627,171.72809583889048
2018-02-14 02:12:08.910863,1518541928.9108627,156.28335990023726
2018-02-14 02:17:08.910863,1518542228.9108627,140.79101853620787
2018-02-14 02:22:08.910863,1518542528.9108627,125.2557908640588
2018-02-14 02:27:08.910863,1518542828.9108627,109.6824090646328
2018-02-14 02:32:08.910863,1518543128.9108627,94.07561694088837
2018-02-14 02:37:08.910863,1518543428.9108627,78.44016847289238
2018-02-14 02:42:08.910863,1518543728.9108627,62.78082636971297
2018-02-14 02:47:08.910863,1518544028.9108627,47.10236061864943
2018-02-14 02:52:08.910863,1518544328.9108627,31.409547032251027
2018-02-14 02:57:08.910863,1518544628.9108627,15.707165793555095
2018-02-14 03:02:08.910863,1518544928.9108627,0.0
2018-02-14 03:07:08.910863,1518545228.9108627,15.707165793555161
2018-02-14 03:12:08.910863,1518545528.9108627,31.409547032250874
2018-02-14 03:17:08.910863,1518545828.9108627,47.10236061864945
2018-02-14 03:22:08.910863,1518546128.9108627,62.78082636971277
2018-02-14 03:27:08.910863,1518546428.9108627,78.44016847289235
2018-02-14 03:32:08.910863,1518546728.9108627,94.07561694088812
2018-02-14 03:37:08.910863,1518547028.9108627,109.68240906463272
2018-02-14 03:42:08.910863,1518547328.9108627,125.2557908640589
2018-02-14 03:47:08.910863,1518547628.9108627,140.7910185362078
2018-02-14 03:52:08.910863,1518547928.9108627,156.2833599002373
2018-02-14 03:57:08.910863,1518548228.9108627,171.7280958388903
2018-02-14 04:02:08.910863,1518548528.9108627,187.1205217359834
2018-02-14 04:07:08.910863,1518548828.9108627,202.4559489094785
2018-02-14 04:12:08.910863,1518549128.9108627,217.72970603970094
2018-02-14 04:17:08.910863,1518549428.9108627,232.93714059226866
2018-02-14 04:22:08.910863,1518549728.9108627,248.07362023529924
2018-02-14 04:27:08.910863,1518550028.9108627,263.1345342504631
2018-02-14 04:32:08.910863,1518550328.9108627,278.11529493745263
2018-02-14 04:37:08.910863,1518550628.9108627,293.011339011441
2018-02-14 04:42:08.910863,1518550928.9108627,307.8181289931018
2018-02-14 04:47:08.910863,1518551228.9108627,322.53115459077026
2018-02-14 04:52:08.910863,1518551528.9108627,337.1459340743208
2018-02-14 04:57:08.910863,1518551828.9108627,351.6580156403464
2018-02-14 05:02:08.910863,1518552128.9108627,366.0629787682202
2018-02-14 05:07:08.910863,1518552428.9108627,380.3564355666295
2018-02-14 05:12:08.910863,1518552728.9108627,394.5340321101697
2018-02-14 05:17:08.910863,1518553028.9108627,408.5914497655921
2018-02-14 05:22:08.910863,1518553328.9108627,422.5244065073017
2018-02-14 05:27:08.910863,1518553628.9108627,436.32865822170334
2018-02-14 05:32:08.910863,1518553928.9108627,449.99999999999994
2018-02-14 05:37:08.910863,1518554228.9108627,463.5342674190487
2018-02-14 05:42:08.910863,1518554528.9108627,476.9273378098844
2018-02-14 05:47:08.910863,1518554828.9108627,490.1751315135244
2018-02-14 05:52:08.910863,1518555128.9108627,503.2736131236722
2018-02-14 05:57:08.910863,1518555428.9108627,516.2187927159414
2018-02-14 06:02:08.910863,1518555728.9108627,529.0067270632259
2018-02-14 06:07:08.910863,1518556028.9108627,541.6335208368434
2018-02-14 06:12:08.910863,1518556328.9108627,554.0953277930925
2018-02-14 06:17:08.910863,1518556628.9108627,566.3883519448536
2018-02-14 06:22:08.910863,1518556928.9108627,578.5088487178854
2018-02-14 06:27:08.910863,1518557228.9108627,590.4531260914565
2018-02-14 06:32:08.910863,1518557528.9108627,602.2175457229724
2018-02-14 06:37:08.910863,1518557828.9108627,613.7985240562487
2018-02-14 06:42:08.910863,1518558128.9108627,625.1925334130975
2018-02-14 06:47:08.910863,1518558428.9108627,636.3961030678927
2018-02-14 06:52:08.910863,1518558728.9108627,647.405820304786
2018-02-14 06:57:08.910863,1518559028.9108627,658.2183314572534
2018-02-14 07:02:08.910863,1518559328.9108627,668.8303429296549
2018-02-14 07:07:08.910863,1518559628.9108627,679.2386222004948
2018-02-14 07:12:08.910863,1518559928.9108627,689.4399988070802
2018-02-14 07:17:08.910863,1518560228.9108627,699.4313653112738
2018-02-14 07:22:08.910863,1518560528.9108627,709.2096782460499
2018-02-14 07:27:08.910863,1518560828.9108627,718.7719590425636
2018-02-14 07:32:08.910863,1518561128.9108627,728.1152949374527
2018-02-14 07:37:08.910863,1518561428.9108627,737.2368398600926
2018-02-14 07:42:08.910863,1518561728.9108627,746.1338152995376
2018-02-14 07:47:08.910863,1518562028.9108627,754.8035111508816
2018-02-14 07:52:08.910863,1518562328.9108627,763.2432865407834
2018-02-14 07:57:08.910863,1518562628.9108627,771.4505706319011
2018-02-14 08:02:08.910863,1518562928.9108627,779.4228634059947
2018-02-14 08:07:08.910863,1518563228.9108627,787.1577364254562
2018-02-14 08:12:08.910863,1518563528.9108627,794.6528335730342
2018-02-14 08:17:08.910863,1518563828.9108627,801.905871769531
2018-02-14 08:22:08.910863,1518564128.9108627,808.9146416692504
2018-02-14 08:27:08.910863,1518564428.9108627,815.677008332985
2018-02-14 08:32:08.910863,1518564728.9108627,822.1909118783408
2018-02-14 08:37:08.910863,1518565028.9108627,828.4543681071964
2018-02-14 08:42:08.910863,1518565328.9108627,834.4654691101086
2018-02-14 08:47:08.910863,1518565628.9108627,840.2223838474815
2018-02-14 08:52:08.910863,1518565928.9108627,845.7233587073175
2018-02-14 08:57:08.910863,1518566228.9108627,850.9667180393851
2018-02-14 09:02:08.910863,1518566528.9108627,855.9508646656382
2018-02-14 09:07:08.910863,1518566828.9108627,860.6742803667319
2018-02-14 09:12:08.910863,1518567128.9108627,865.1355263444871
2018-02-14 09:17:08.910863,1518567428.9108627,869.3332436601614
2018-02-14 09:22:08.910863,1518567728.9108627,873.2661536483969
2018-02-14 09:27:08.910863,1518568028.9108627,876.9330583067117
2018-02-14 09:32:08.910863,1518568328.9108627,880.3328406604251
2018-02-14 09:37:08.910863,1518568628.9108627,883.4644651028976
2018-02-14 09:42:08.910863,1518568928.9108627,886.3269777109872
2018-02-14 09:47:08.910863,1518569228.9108627,888.919506535624
2018-02-14 09:52:08.910863,1518569528.9108627,891.2412618674133
2018-02-14 09:57:08.910863,1518569828.9108627,893.2915364771898
2018-02-14 10:02:08.910863,1518570128.9108627,895.069705831446
2018-02-14 10:07:08.910863,1518570428.9108627,896.575228282571
2018-02-14 10:12:08.910863,1518570728.9108627,897.8076452338418
2018-02-14 10:17:08.910863,1518571028.9108627,898.7665812791164
2018-02-14 10:22:08.910863,1518571328.9108627,899.4517443171862
2018-02-14 10:27:08.910863,1518571628.9108627,899.8629256407521
2018-02-14 10:32:08.910863,1518571928.9108627,900.0
2018-02-14 10:37:08.910863,1518572228.9108627,899.8629256407521
2018-02-14 10:42:08.910863,1518572528.9108627,899.4517443171862
2018-02-14 10:47:08.910863,1518572828.9108627,898.7665812791164
2018-02-14 10:52:08.910863,1518573128.9108627,897.8076452338418
2018-02-14 10:57:08.910863,1518573428.9108627,896.575228282571
2018-02-14 11:02:08.910863,1518573728.9108627,895.069705831446
2018-02-14 11:07:08.910863,1518574028.9108627,893.2915364771899
2018-02-14 11:12:08.910863,1518574328.9108627,891.2412618674133
2018-02-14 11:17:08.910863,1518574628.9108627,888.919506535624
2018-02-14 11:22:08.910863,1518574928.9108627,886.3269777109872
2018-02-14 11:27:08.910863,1518575228.9108627,883.4644651028976
2018-02-14 11:32:08.910863,1518575528.9108627,880.3328406604251
2018-02-14 11:37:08.910863,1518575828.9108627,876.9330583067117
2018-02-14 11:42:08.910863,1518576128.9108627,873.2661536483969
2018-02-14 11:47:08.910863,1518576428.9108627,869.3332436601614
2018-02-14 11:52:08.910863,1518576728.9108627,865.1355263444871
2018-02-14 11:57:08.910863,1518577028.9108627,860.674280366732
2018-02-14 12:02:08.910863,1518577328.9108627,855.9508646656383
2018-02-14 12:07:08.910863,1518577628.9108627,850.9667180393851
2018-02-14 12:12:08.910863,1518577928.9108627,845.7233587073176
2018-02-14 12:17:08.910863,1518578228.9108627,840.2223838474815
2018-02-14 12:22:08.910863,1518578528.9108627,834.4654691101086
2018-02-14 12:27:08.910863,1518578828.9108627,828.4543681071963
2018-02-14 12:32:08.910863,1518579128.9108627,822.1909118783408
2018-02-14 12:37:08.910863,1518579428.9108627,815.677008332985
2018-02-14 12:42:08.910863,1518579728.9108627,808.9146416692503
2018-02-14 12:47:08.910863,1518580028.9108627,801.9058717695311
2018-02-14 12:52:08.910863,1518580328.9108627,794.6528335730342
2018-02-14 12:57:08.910863,1518580628.9108627,787.1577364254563
2018-02-14 13:02:08.910863,1518580928.9108627,779.4228634059948
2018-02-14 13:07:08.910863,1518581228.9108627,771.4505706319011
2018-02-14 13:12:08.910863,1518581528.9108627,763.2432865407835
2018-02-14 13:17:08.910863,1518581828.9108627,754.8035111508815
2018-02-14 13:22:08.910863,1518582128.9108627,746.1338152995376
2018-02-14 13:27:08.910863,1518582428.9108627,737.2368398600926
2018-02-14 13:32:08.910863,1518582728.9108627,728.1152949374527
2018-02-14 13:37:08.910863,1518583028.9108627,718.7719590425635
2018-02-14 13:42:08.910863,1518583328.9108627,709.2096782460499
2018-02-14 13:47:08.910863,1518583628.9108627,699.4313653112739
2018-02-14 13:52:08.910863,1518583928.9108627,689.4399988070802
2018-02-14 13:57:08.910863,1518584228.9108627,679.2386222004949
2018-02-14 14:02:08.910863,1518584528.9108627,668.8303429296549
2018-02-14 14:07:08.910863,1518584828.9108627,658.2183314572535
2018-02-14 14:12:08.910863,1518585128.9108627,647.405820304786
2018-02-14 14:17:08.910863,1518585428.9108627,636.3961030678928
2018-02-14 14:22:08.910863,1518585728.9108627,625.1925334130974
2018-02-14 14:27:08.910863,1518586028.9108627,613.7985240562488
2018-02-14 14:32:08.910863,1518586328.9108627,602.2175457229725
2018-02-14 14:37:08.910863,1518586628.9108627,590.4531260914565
2018-02-14 14:42:08.910863,1518586928.9108627,578.5088487178855
2018-02-14 14:47:08.910863,1518587228.9108627,566.3883519448536
2018-02-14 14:52:08.910863,1518587528.9108627,554.0953277930926
2018-02-14 14:57:08.910863,1518587828.9108627,541.6335208368433
2018-02-14 15:02:08.910863,1518588128.9108627,529.0067270632259
2018-02-14 15:07:08.910863,1518588428.9108627,516.2187927159414
2018-02-14 15:12:08.910863,1518588728.9108627,503.2736131236722
2018-02-14 15:17:08.910863,1518589028.9108627,490.17513151352455
2018-02-14 15:22:08.910863,1518589328.9108627,476.9273378098844
2018-02-14 15:27:08.910863,1518589628.9108627,463.53426741904894
2018-02-14 15:32:08.910863,1518589928.9108627,449.99999999999994
2018-02-14 15:37:08.910863,1518590228.9108627,436.32865822170345
2018-02-14 15:42:08.910863,1518590528.9108627,422.52440650730165
2018-02-14 15:47:08.910863,1518590828.9108627,408.5914497655922
2018-02-14 15:52:08.910863,1518591128.9108627,394.53403211016956
2018-02-14 15:57:08.910863,1518591428.9108627,380.35643556662956
2018-02-14 16:02:08.910863,1518591728.9108627,366.0629787682204
2018-02-14 16:07:08.910863,1518592028.9108627,351.6580156403464
2018-02-14 16:12:08.910863,1518592328.9108627,337.145934074321
2018-02-14 16:17:08.910863,1518592628.9108627,322.5311545907702
2018-02-14 16:22:08.910863,1518592928.9108627,307.818128993102
2018-02-14 16:27:08.910863,1518593228.9108627,293.01133901144095
2018-02-14 16:32:08.910863,1518593528.9108627,278.11529493745275
2018-02-14 16:37:08.910863,1518593828.9108627,263.13453425046293
2018-02-14 16:42:08.910863,1518594128.9108627,248.0736202352993
2018-02-14 16:47:08.910863,1518594428.9108627,232.93714059226892
2018-02-14 16:52:08.910863,1518594728.9108627,217.72970603970094
2018-02-14 16:57:08.910863,1518595028.9108627,202.45594890947868
2018-02-14 17:02:08.910863,1518595328.9108627,187.12052173598337
2018-02-14 17:07:08.910863,1518595628.9108627,171.72809583889048
2018-02-14 17:12:08.910863,1518595928.9108627,156.28335990023726
2018-02-14 17:17:08.910863,1518596228.9108627,140.79101853620787
2018-02-14 17:22:08.910863,1518596528.9108627,125.2557908640588
2018-02-14 17:27:08.910863,1518596828.9108627,109.6824090646328
2018-02-14 17:32:08.910863,1518597128.9108627,94.07561694088837
2018-02-14 17:37:08.910863,1518597428.9108627,78.44016847289238
2018-02-14 17:42:08.910863,1518597728.9108627,62.78082636971297
2018-02-14 17:47:08.910863,1518598028.9108627,47.10236061864943
2018-02-14 17:52:08.910863,1518598328.9108627,31.409547032251027
2018-02-14 17:57:08.910863,1518598628.9108627,15.707165793555095
2018-02-14 18:02:08.910863,1518598928.9108627,0.0
2018-02-14 18:07:08.910863,1518599228.9108627,15.707165793555161
2018-02-14 18:12:08.910863,1518599528.9108627,31.409547032250874
2018-02-14 18:17:08.910863,1518599828.9108627,47.10236061864945
2018-02-14 18:22:08.910863,1518600128.9108627,62.78082636971277
2018-02-14 18:27:08.910863,1518600428.9108627,78.44016847289235
2018-02-14 18:32:08.910863,1518600728.9108627,94.07561694088812
2018-02-14 18:37:08.910863,1518601028.9108627,109.68240906463272
2018-02-14 18:42:08.910863,1518601328.9108627,125.2557908640589
2018-02-14 18:47:08.910863,1518601628.9108627,140.7910185362078
2018-02-14 18:52:08.910863,1518601928.9108627,156.2833599002373
2018-02-14 18:57:08.910863,1518602228.9108627,171.7280958388903
2018-02-14 19:02:08.910863,1518602528.9108627,187.1205217359834
2018-02-14 19:07:08.910863,1518602828.9108627,202.4559489094785
2018-02-14 19:12:08.910863,1518603128.9108627,217.72970603970094
2018-02-14 19:17:08.910863,1518603428.9108627,232.93714059226866
2018-02-14 19:22:08.910863,1518603728.9108627,248.07362023529924
2018-02-14 19:27:08.910863,1518604028.9108627,263.1345342504631
2018-02-14 19:32:08.910863,1518604328.9108627,278.11529493745263
2018-02-14 19:37:08.910863,1518604628.9108627,293.011339011441
2018-02-14 19:42:08.910863,1518604928.9108627,307.8181289931018
2018-02-14 19:47:08.910863,1518605228.9108627,322.53115459077026
2018-02-14 19:52:08.910863,1518605528.9108627,337.1459340743208
2018-02-14 19:57:08.910863,1518605828.9108627,351.6580156403464
2018-02-14 20:02:08.910863,1518606128.9108627,366.0629787682202
2018-02-14 20:07:08.910863,1518606428.9108627,380.3564355666295
2018-02-14 20:12:08.910863,1518606728.9108627,394.5340321101697
2018-02-14 20:17:08.910863,1518607028.9108627,408.5914497655921
2018-02-14 20:22:08.910863,1518607328.9108627,422.5244065073017
2018-02-14 20:27:08.910863,1518607628.9108627,436.32865822170334
2018-02-14 20:32:08.910863,1518607928.9108627,449.99999999999994
2018-02-14 20:37:08.910863,1518608228.9108627,463.5342674190487
2018-02-14 20:42:08.910863,1518608528.9108627,476.9273378098844
2018-02-14 20:47:08.910863,1518608828.9108627,490.1751315135244
2018-02-14 20:52:08.910863,1518609128.9108627,503.2736131236722
2018-02-14 20:57:08.910863,1518609428.9108627,516.2187927159414
2018-02-14 21:02:08.910863,1518609728.9108627,529.0067270632259
2018-02-14 21:07:08.910863,1518610028.9108627,541.6335208368434
2018-02-14 21:12:08.910863,1518610328.9108627,554.0953277930925
2018-02-14 21:17:08.910863,1518610628.9108627,566.3883519448536
2018-02-14 21:22:08.910863,1518610928.9108627,578.5088487178854
2018-02-14 21:27:08.910863,1518611228.9108627,590.4531260914565
2018-02-14 21:32:08.910863,1518611528.9108627,602.2175457229724
2018-02-14 21:37:08.910863,1518611828.9108627,613.7985240562487
2018-02-14 21:42:08.910863,1518612128.9108627,625.1925334130975
2018-02-14 21:47:08.910863,1518612428.9108627,636.3961030678927
2018-02-14 21:52:08.910863,1518612728.9108627,647.405820304786
2018-02-14 21:57:08.910863,1518613028.9108627,658.2183314572534
2018-02-14 22:02:08.910863,1518613328.9108627,668.8303429296549
2018-02-14 22:07:08.910863,1518613628.9108627,679.2386222004948
2018-02-14 22:12:08.910863,1518613928.9108627,689.4399988070802
2018-02-14 22:17:08.910863,1518614228.9108627,699.4313653112738
2018-02-14 22:22:08.910863,1518614528.9108627,709.2096782460499
2018-02-14 22:27:08.910863,1518614828.9108627,718.7719590425636
2018-02-14 22:32:08.910863,1518615128.9108627,728.1152949374527
2018-02-14 22:37:08.910863,1518615428.9108627,737.2368398600926
2018-02-14 22:42:08.910863,1518615728.9108627,746.1338152995376
2018-02-14 22:47:08.910863,1518616028.9108627,754.8035111508816
2018-02-14 22:52:08.910863,1518616328.9108627,763.2432865407834
2018-02-14 22:57:08.910863,1518616628.9108627,771.4505706319011
2018-02-14 23:02:08.910863,1518616928.9108627,779.4228634059947
2018-02-14 23:07:08.910863,1518617228.9108627,787.1577364254562
2018-02-14 23:12:08.910863,1518617528.9108627,794.6528335730342
2018-02-14 23:17:08.910863,1518617828.9108627,801.905871769531
2018-02-14 23:22:08.910863,1518618128.9108627,808.9146416692504
2018-02-14 23:27:08.910863,1518618428.9108627,815.677008332985
2018-02-14 23:32:08.910863,1518618728.9108627,822.1909118783408
2018-02-14 23:37:08.910863,1518619028.9108627,828.4543681071964
2018-02-14 23:42:08.910863,1518619328.9108627,834.4654691101086
2018-02-14 23:47:08.910863,1518619628.9108627,840.2223838474815
2018-02-14 23:52:08.910863,1518619928.9108627,845.7233587073175
2018-02-14 23:57:08.910863,1518620228.9108627,850.9667180393851
2018-02-15 00:02:08.910863,1518620528.9108627,855.9508646656382
2018-02-15 00:07:08.910863,1518620828.9108627,860.6742803667319
2018-02-15 00:12:08.910863,1518621128.9108627,865.1355263444871
2018-02-15 00:17:08.910863,1518621428.9108627,869.3332436601614
2018-02-15 00:22:08.910863,1518621728.9108627,873.2661536483969
2018-02-15 00:27:08.910863,1518622028.9108627,876.9330583067117
2018-02-15 00:32:08.910863,1518622328.9108627,880.3328406604251
2018-02-15 00:37:08.910863,1518622628.9108627,883.4644651028976
2018-02-15 00:42:08.910863,1518622928.9108627,886.3269777109872
2018-02-15 00:47:08.910863,1518623228.9108627,888.919506535624
2018-02-15 00:52:08.910863,1518623528.9108627,891.2412618674133
2018-02-15 00:57:08.910863,1518623828.9108627,893.2915364771898
2018-02-15 01:02:08.910863,1518624128.9108627,895.069705831446
2018-02-15 01:07:08.910863,1518624428.9108627,896.575228282571
2018-02-15 01:12:08.910863,1518624728.9108627,897.8076452338418
2018-02-15 01:17:08.910863,1518625028.9108627,898.7665812791164
2018-02-15 01:22:08.910863,1518625328.9108627,899.4517443171862
2018-02-15 01:27:08.910863,1518625628.9108627,899.8629256407521
2018-02-15 01:32:08.910863,1518625928.9108627,900.0
2018-02-15 01:37:08.910863,1518626228.9108627,899.8629256407521
2018-02-15 01:42:08.910863,1518626528.9108627,899.4517443171862
2018-02-15 01:47:08.910863,1518626828.9108627,898.7665812791164
2018-02-15 01:52:08.910863,1518627128.9108627,897.8076452338418
2018-02-15 01:57:08.910863,1518627428.9108627,896.575228282571
2018-02-15 02:02:08.910863,1518627728.9108627,895.069705831446
2018-02-15 02:07:08.910863,1518628028.9108627,893.2915364771899
2018-02-15 02:12:08.910863,1518628328.9108627,891.2412618674133
2018-02-15 02:17:08.910863,1518628628.9108627,888.919506535624
2018-02-15 02:22:08.910863,1518628928.9108627,886.3269777109872
2018-02-15 02:27:08.910863,1518629228.9108627,883.4644651028976
2018-02-15 02:32:08.910863,1518629528.9108627,880.3328406604251
2018-02-15 02:37:08.910863,1518629828.9108627,876.9330583067117
2018-02-15 02:42:08.910863,1518630128.9108627,873.2661536483969
2018-02-15 02:47:08.910863,1518630428.9108627,869.3332436601614
2018-02-15 02:52:08.910863,1518630728.9108627,865.1355263444871
2018-02-15 02:57:08.910863,1518631028.9108627,860.674280366732
2018-02-15 03:02:08.910863,1518631328.9108627,855.9508646656383
2018-02-15 03:07:08.910863,1518631628.9108627,850.9667180393851
2018-02-15 03:12:08.910863,1518631928.9108627,845.7233587073176
2018-02-15 03:17:08.910863,1518632228.9108627,840.2223838474815
2018-02-15 03:22:08.910863,1518632528.9108627,834.4654691101086
2018-02-15 03:27:08.910863,1518632828.9108627,828.4543681071963
2018-02-15 03:32:08.910863,1518633128.9108627,822.1909118783408
2018-02-15 03:37:08.910863,1518633428.9108627,815.677008332985
2018-02-15 03:42:08.910863,1518633728.9108627,808.9146416692503
2018-02-15 03:47:08.910863,1518634028.9108627,801.9058717695311
2018-02-15 03:52:08.910863,1518634328.9108627,794.6528335730342
2018-02-15 03:57:08.910863,1518634628.9108627,787.1577364254563
2018-02-15 04:02:08.910863,1518634928.9108627,779.4228634059948
2018-02-15 04:07:08.910863,1518635228.9108627,771.4505706319011
2018-02-15 04:12:08.910863,1518635528.9108627,763.2432865407835
2018-02-15 04:17:08.910863,1518635828.9108627,754.8035111508815
2018-02-15 04:22:08.910863,1518636128.9108627,746.1338152995376
2018-02-15 04:27:08.910863,1518636428.9108627,737.2368398600926
2018-02-15 04:32:08.910863,1518636728.9108627,728.1152949374527
2018-02-15 04:37:08.910863,1518637028.9108627,718.7719590425635
2018-02-15 04:42:08.910863,1518637328.9108627,709.2096782460499
2018-02-15 04:47:08.910863,1518637628.9108627,699.4313653112739
2018-02-15 04:52:08.910863,1518637928.9108627,689.4399988070802
2018-02-15 04:57:08.910863,1518638228.9108627,679.2386222004949
2018-02-15 05:02:08.910863,1518638528.9108627,668.8303429296549
2018-02-15 05:07:08.910863,1518638828.9108627,658.2183314572535
2018-02-15 05:12:08.910863,1518639128.9108627,647.405820304786
2018-02-15 05:17:08.910863,1518639428.9108627,636.3961030678928
2018-02-15 05:22:08.910863,1518639728.9108627,625.1925334130974
2018-02-15 05:27:08.910863,1518640028.9108627,613.7985240562488
2018-02-15 05:32:08.910863,1518640328.9108627,602.2175457229725
2018-02-15 05:37:08.910863,1518640628.9108627,590.4531260914565
2018-02-15 05:42:08.910863,1518640928.9108627,578.5088487178855
2018-02-15 05:47:08.910863,1518641228.9108627,566.3883519448536
2018-02-15 05:52:08.910863,1518641528.9108627,554.0953277930926
2018-02-15 05:57:08.910863,1518641828.9108627,541.6335208368433
2018-02-15 06:02:08.910863,1518642128.9108627,529.0067270632259
2018-02-15 06:07:08.910863,1518642428.9108627,516.2187927159414
2018-02-15 06:12:08.910863,1518642728.9108627,503.2736131236722
2018-02-15 06:17:08.910863,1518643028.9108627,490.17513151352455
2018-02-15 06:22:08.910863,1518643328.9108627,476.9273378098844
2018-02-15 06:27:08.910863,1518643628.9108627,463.53426741904894
2018-02-15 06:32:08.910863,1518643928.9108627,449.99999999999994
2018-02-15 06:37:08.910863,1518644228.9108627,436.32865822170345
2018-02-15 06:42:08.910863,1518644528.9108627,422.52440650730165
2018-02-15 06:47:08.910863,1518644828.9108627,408.5914497655922
2018-02-15 06:52:08.910863,1518645128.9108627,394.53403211016956
2018-02-15 06:57:08.910863,1518645428.9108627,380.35643556662956
2018-02-15 07:02:08.910863,1518645728.9108627,366.0629787682204
2018-02-15 07:07:08.910863,1518646028.9108627,351.6580156403464
2018-02-15 07:12:08.910863,1518646328.9108627,337.145934074321
2018-02-15 07:17:08.910863,1518646628.9108627,322.5311545907702
2018-02-15 07:22:08.910863,1518646928.9108627,307.818128993102
2018-02-15 07:27:08.910863,1518647228.9108627,293.01133901144095
2018-02-15 07:32:08.910863,1518647528.9108627,278.11529493745275
2018-02-15 07:37:08.910863,1518647828.9108627,263.13453425046293
2018-02-15 07:42:08.910863,1518648128.9108627,248.0736202352993
2018-02-15 07:47:08.910863,1518648428.9108627,232.93714059226892
2018-02-15 07:52:08.910863,1518648728.9108627,217.72970603970094
2018-02-15 07:57:08.910863,1518649028.9108627,202.45594890947868
2018-02-15 08:02:08.910863,1518649328.9108627,187.12052173598337
2018-02-15 08:07:08.910863,1518649628.9108627,171.72809583889048
2018-02-15 08:12:08.910863,1518649928.9108627,156.28335990023726
2018-02-15 08:17:08.910863,1518650228.9108627,140.79101853620787
2018-02-15 08:22:08.910863,1518650528.9108627,125.2557908640588
2018-02-15 08:27:08.910863,1518650828.9108627,109.6824090646328
2018-02-15 08:32:08.910863,1518651128.9108627,94.07561694088837
2018-02-15 08:37:08.910863,1518651428.9108627,78.44016847289238
2018-02-15 08:42:08.910863,1518651728.9108627,62.78082636971297
2018-02-15 08:47:08.910863,1518652028.9108627,47.10236061864943
2018-02-15 08:52:08.910863,1518652328.9108627,31.409547032251027
2018-02-15 08:57:08.910863,1518652628.9108627,15.707165793555095
2018-02-15 09:02:08.910863,1518652928.9108627,0.0
2018-02-15 09:07:08.910863,1518653228.9108627,15.707165793555161
2018-02-15 09:12:08.910863,1518653528.9108627,31.409547032250874
2018-02-15 09:17:08.910863,1518653828.9108627,47.10236061864945
2018-02-15 09:22:08.910863,1518654128.9108627,62.78082636971277
2018-02-15 09:27:08.910863,1518654428.9108627,78.44016847289235
2018-02-15 09:32:08.910863,1518654728.9108627,94.07561694088812
2018-02-15 09:37:08.910863,1518655028.9108627,109.68240906463272
2018-02-15 09:42:08.910863,1518655328.9108627,125.2557908640589
2018-02-15 09:47:08.910863,1518655628.9108627,140.7910185362078
2018-02-15 09:52:08.910863,1518655928.9108627,156.2833599002373
2018-02-15 09:57:08.910863,1518656228.9108627,171.7280958388903
2018-02-15 10:02:08.910863,1518656528.9108627,187.1205217359834
2018-02-15 10:07:08.910863,1518656828.9108627,202.4559489094785
2018-02-15 10:12:08.910863,1518657128.9108627,217.72970603970094
2018-02-15 10:17:08.910863,1518657428.9108627,232.93714059226866
2018-02-15 10:22:08.910863,1518657728.9108627,248.07362023529924
2018-02-15 10:27:08.910863,1518658028.9108627,263.1345342504631
2018-02-15 10:32:08.910863,1518658328.9108627,278.11529493745263
2018-02-15 10:37:08.910863,1518658628.9108627,293.011339011441
2018-02-15 10:42:08.910863,1518658928.9108627,307.8181289931018
2018-02-15 10:47:08.910863,1518659228.9108627,322.53115459077026
2018-02-15 10:52:08.910863,1518659528.9108627,337.1459340743208
2018-02-15 10:57:08.910863,1518659828.9108627,351.6580156403464
2018-02-15 11:02:08.910863,1518660128.9108627,366.0629787682202
2018-02-15 11:07:08.910863,1518660428.9108627,380.3564355666295
2018-02-15 11:12:08.910863,1518660728.9108627,394.5340321101697
2018-02-15 11:17:08.910863,1518661028.9108627,408.5914497655921
2018-02-15 11:22:08.910863,1518661328.9108627,422.5244065073017
2018-02-15 11:27:08.910863,1518661628.9108627,436.32865822170334
2018-02-15 11:32:08.910863,1518661928.9108627,449.99999999999994
2018-02-15 11:37:08.910863,1518662228.9108627,463.5342674190487
2018-02-15 11:42:08.910863,1518662528.9108627,476.9273378098844
2018-02-15 11:47:08.910863,1518662828.9108627,490.1751315135244
2018-02-15 11:52:08.910863,1518663128.9108627,503.2736131236722
2018-02-15 11:57:08.910863,1518663428.9108627,516.2187927159414
2018-02-15 12:02:08.910863,1518663728.9108627,529.0067270632259
2018-02-15 12:07:08.910863,1518664028.9108627,541.6335208368434
2018-02-15 12:12:08.910863,1518664328.9108627,554.0953277930925
2018-02-15 12:17:08.910863,1518664628.9108627,566.3883519448536
2018-02-15 12:22:08.910863,1518664928.9108627,578.5088487178854
2018-02-15 12:27:08.910863,1518665228.9108627,590.4531260914565
2018-02-15 12:32:08.910863,1518665528.9108627,602.2175457229724
2018-02-15 12:37:08.910863,1518665828.9108627,613.7985240562487
2018-02-15 12:42:08.910863,1518666128.9108627,625.1925334130975
2018-02-15 12:47:08.910863,1518666428.9108627,636.3961030678927
2018-02-15 12:52:08.910863,1518666728.9108627,647.405820304786
2018-02-15 12:57:08.910863,1518667028.9108627,658.2183314572534
2018-02-15 13:02:08.910863,1518667328.9108627,668.8303429296549
2018-02-15 13:07:08.910863,1518667628.9108627,679.2386222004948
2018-02-15 13:12:08.910863,1518667928.9108627,689.4399988070802
2018-02-15 13:17:08.910863,1518668228.9108627,699.4313653112738
2018-02-15 13:22:08.910863,1518668528.9108627,709.2096782460499
2018-02-15 13:27:08.910863,1518668828.9108627,718.7719590425636
2018-02-15 13:32:08.910863,1518669128.9108627,728.1152949374527
2018-02-15 13:37:08.910863,1518669428.9108627,737.2368398600926
2018-02-15 13:42:08.910863,1518669728.9108627,746.1338152995376
2018-02-15 13:47:08.910863,1518670028.9108627,754.8035111508816
2018-02-15 13:52:08.910863,1518670328.9108627,763.2432865407834
2018-02-15 13:57:08.910863,1518670628.9108627,771.4505706319011
2018-02-15 14:02:08.910863,1518670928.9108627,779.4228634059947
2018-02-15 14:07:08.910863,1518671228.9108627,787.1577364254562
2018-02-15 14:12:08.910863,1518671528.9108627,794.6528335730342
2018-02-15 14:17:08.910863,1518671828.9108627,801.905871769531
2018-02-15 14:22:08.910863,1518672128.9108627,808.9146416692504
2018-02-15 14:27:08.910863,1518672428.9108627,815.677008332985
2018-02-15 14:32:08.910863,1518672728.9108627,822.1909118783408
2018-02-15 14:37:08.910863,1518673028.9108627,828.4543681071964
2018-02-15 14:42:08.910863,1518673328.9108627,834.4654691101086
2018-02-15 14:47:08.910863,1518673628.9108627,840.2223838474815
2018-02-15 14:52:08.910863,1518673928.9108627,845.7233587073175
2018-02-15 14:57:08.910863,1518674228.9108627,850.9667180393851
2018-02-15 15:02:08.910863,1518674528.9108627,855.9508646656382
2018-02-15 15:07:08.910863,1518674828.9108627,860.6742803667319
2018-02-15 15:12:08.910863,1518675128.9108627,865.1355263444871
2018-02-15 15:17:08.910863,1518675428.9108627,869.3332436601614
2018-02-15 15:22:08.910863,1518675728.9108627,873.2661536483969
2018-02-15 15:27:08.910863,1518676028.9108627,876.9330583067117
2018-02-15 15:32:08.910863,1518676328.9108627,880.3328406604251
2018-02-15 15:37:08.910863,1518676628.9108627,883.4644651028976
2018-02-15 15:42:08.910863,1518676928.9108627,886.3269777109872
2018-02-15 15:47:08.910863,1518677228.9108627,888.919506535624
2018-02-15 15:52:08.910863,1518677528.9108627,891.2412618674133
2018-02-15 15:57:08.910863,1518677828.9108627,893.2915364771898
2018-02-15 16:02:08.910863,1518678128.9108627,895.069705831446
2018-02-15 16:07:08.910863,1518678428.9108627,896.575228282571
2018-02-15 16:12:08.910863,1518678728.9108627,897.8076452338418
2018-02-15 16:17:08.910863,1518679028.9108627,898.7665812791164
2018-02-15 16:22:08.910863,1518679328.9108627,899.4517443171862
2018-02-15 16:27:08.910863,1518679628.9108627,899.8629256407521
2018-02-15 16:32:08.910863,1518679928.9108627,900.0
2018-02-15 16:37:08.910863,1518680228.9108627,899.8629256407521
2018-02-15 16:42:08.910863,1518680528.9108627,899.4517443171862
2018-02-15 16:47:08.910863,1518680828.9108627,898.7665812791164
2018-02-15 16:52:08.910863,1518681128.9108627,897.8076452338418
2018-02-15 16:57:08.910863,1518681428.9108627,896.575228282571
2018-02-15 17:02:08.910863,1518681728.9108627,895.069705831446
2018-02-15 17:07:08.910863,1518682028.9108627,893.2915364771899
2018-02-15 17:12:08.910863,1518682328.9108627,891.2412618674133
2018-02-15 17:17:08.910863,1518682628.9108627,888.919506535624
2018-02-15 17:22:08.910863,1518682928.9108627,886.3269777109872
2018-02-15 17:27:08.910863,1518683228.9108627,883.4644651028976
2018-02-15 17:32:08.910863,1518683528.9108627,880.3328406604251
2018-02-15 17:37:08.910863,1518683828.9108627,876.9330583067117
2018-02-15 17:42:08.910863,1518684128.9108627,873.2661536483969
2018-02-15 17:47:08.910863,1518684428.9108627,869.3332436601614
2018-02-15 17:52:08.910863,1518684728.9108627,865.1355263444871
2018-02-15 17:57:08.910863,1518685028.9108627,860.674280366732
2018-02-15 18:02:08.910863,1518685328.9108627,855.9508646656383
2018-02-15 18:07:08.910863,1518685628.9108627,850.9667180393851
2018-02-15 18:12:08.910863,1518685928.9108627,845.7233587073176
2018-02-15 18:17:08.910863,1518686228.9108627,840.2223838474815
2018-02-15 18:22:08.910863,1518686528.9108627,834.4654691101086
2018-02-15 18:27:08.910863,1518686828.9108627,828.4543681071963
2018-02-15 18:32:08.910863,1518687128.9108627,822.1909118783408
2018-02-15 18:37:08.910863,1518687428.9108627,815.677008332985
2018-02-15 18:42:08.910863,1518687728.9108627,808.9146416692503
2018-02-15 18:47:08.910863,1518688028.9108627,801.9058717695311
2018-02-15 18:52:08.910863,1518688328.9108627,794.6528335730342
2018-02-15 18:57:08.910863,1518688628.9108627,787.1577364254563
2018-02-15 19:02:08.910863,1518688928.9108627,779.4228634059948
2018-02-15 19:07:08.910863,1518689228.9108627,771.4505706319011
2018-02-15 19:12:08.910863,1518689528.9108627,763.2432865407835
2018-02-15 19:17:08.910863,1518689828.9108627,754.8035111508815
2018-02-15 19:22:08.910863,1518690128.9108627,746.1338152995376
2018-02-15 19:27:08.910863,1518690428.9108627,737.2368398600926
2018-02-15 19:32:08.910863,1518690728.9108627,728.1152949374527
2018-02-15 19:37:08.910863,1518691028.9108627,718.7719590425635
2018-02-15 19:42:08.910863,1518691328.9108627,709.2096782460499
2018-02-15 19:47:08.910863,1518691628.9108627,699.4313653112739
2018-02-15 19:52:08.910863,1518691928.9108627,689.4399988070802
2018-02-15 19:57:08.910863,1518692228.9108627,679.2386222004949
2018-02-15 20:02:08.910863,1518692528.9108627,668.8303429296549
2018-02-15 20:07:08.910863,1518692828.9108627,658.2183314572535
2018-02-15 20:12:08.910863,1518693128.9108627,647.405820304786
2018-02-15 20:17:08.910863,1518693428.9108627,636.3961030678928
2018-02-15 20:22:08.910863,1518693728.9108627,625.1925334130974
2018-02-15 20:27:08.910863,1518694028.9108627,613.7985240562488
2018-02-15 20:32:08.910863,1518694328.9108627,602.2175457229725
2018-02-15 20:37:08.910863,1518694628.9108627,590.4531260914565
2018-02-15 20:42:08.910863,1518694928.9108627,578.5088487178855
2018-02-15 20:47:08.910863,1518695228.9108627,566.3883519448536
2018-02-15 20:52:08.910863,1518695528.9108627,554.0953277930926
2018-02-15 20:57:08.910863,1518695828.9108627,541.6335208368433
2018-02-15 21:02:08.910863,1518696128.9108627,529.0067270632259
2018-02-15 21:07:08.910863,1518696428.9108627,516.2187927159414
2018-02-15 21:12:08.910863,1518696728.9108627,503.2736131236722
2018-02-15 21:17:08.910863,1518697028.9108627,490.17513151352455
2018-02-15 21:22:08.910863,1518697328.9108627,476.9273378098844
2018-02-15 21:27:08.910863,1518697628.9108627,463.53426741904894
2018-02-15 21:32:08.910863,1518697928.9108627,449.99999999999994
2018-02-15 21:37:08.910863,1518698228.9108627,436.32865822170345
2018-02-15 21:42:08.910863,1518698528.9108627,422.52440650730165
2018-02-15 21:47:08.910863,1518698828.9108627,408.5914497655922
2018-02-15 21:52:08.910863,1518699128.9108627,394.53403211016956
2018-02-15 21:57:08.910863,1518699428.9108627,380.35643556662956
2018-02-15 22:02:08.910863,1518699728.9108627,366.0629787682204
2018-02-15 22:07:08.910863,1518700028.9108627,351.6580156403464
2018-02-15 22:12:08.910863,1518700328.9108627,337.145934074321
2018-02-15 22:17:08.910863,1518700628.9108627,322.5311545907702
2018-02-15 22:22:08.910863,1518700928.9108627,307.818128993102
2018-02-15 22:27:08.910863,1518701228.9108627,293.01133901144095
2018-02-15 22:32:08.910863,1518701528.9108627,278.11529493745275
2018-02-15 22:37:08.910863,1518701828.9108627,263.13453425046293
2018-02-15 22:42:08.910863,1518702128.9108627,248.0736202352993
2018-02-15 22:47:08.910863,1518702428.9108627,232.93714059226892
2018-02-15 22:52:08.910863,1518702728.9108627,217.72970603970094
2018-02-15 22:57:08.910863,1518703028.9108627,202.45594890947868
2018-02-15 23:02:08.910863,1518703328.9108627,187.12052173598337
2018-02-15 23:07:08.910863,1518703628.9108627,171.72809583889048
2018-02-15 23:12:08.910863,1518703928.9108627,156.28335990023726
2018-02-15 23:17:08.910863,1518704228.9108627,140.79101853620787
2018-02-15 23:22:08.910863,1518704528.9108627,125.2557908640588
2018-02-15 23:27:08.910863,1518704828.9108627,109.6824090646328
2018-02-15 23:32:08.910863,1518705128.9108627,94.07561694088837
2018-02-15 23:37:08.910863,1518705428.9108627,78.44016847289238
2018-02-15 23:42:08.910863,1518705728.9108627,62.78082636971297
2018-02-15 23:47:08.910863,1518706028.9108627,47.10236061864943
2018-02-15 23:52:08.910863,1518706328.9108627,31.409547032251027
2018-02-15 23:57:08.910863,1518706628.9108627,15.707165793555095
2018-02-16 00:02:08.910863,1518706928.9108627,0.0
2018-02-16 00:07:08.910863,1518707228.9108627,15.707165793555161
2018-02-16 00:12:08.910863,1518707528.9108627,31.409547032250874
2018-02-16 00:17:08.910863,1518707828.9108627,47.10236061864945
2018-02-16 00:22:08.910863,1518708128.9108627,62.78082636971277
2018-02-16 00:27:08.910863,1518708428.9108627,78.44016847289235
2018-02-16 00:32:08.910863,1518708728.9108627,94.07561694088812
2018-02-16 00:37:08.910863,1518709028.9108627,109.68240906463272
2018-02-16 00:42:08.910863,1518709328.9108627,125.2557908640589
2018-02-16 00:47:08.910863,1518709628.9108627,140.7910185362078
2018-02-16 00:52:08.910863,1518709928.9108627,156.2833599002373
2018-02-16 00:57:08.910863,1518710228.9108627,171.7280958388903
2018-02-16 01:02:08.910863,1518710528.9108627,187.1205217359834
2018-02-16 01:07:08.910863,1518710828.9108627,202.4559489094785
2018-02-16 01:12:08.910863,1518711128.9108627,217.72970603970094
2018-02-16 01:17:08.910863,1518711428.9108627,232.93714059226866
2018-02-16 01:22:08.910863,1518711728.9108627,248.07362023529924
2018-02-16 01:27:08.910863,1518712028.9108627,263.1345342504631
2018-02-16 01:32:08.910863,1518712328.9108627,278.11529493745263
2018-02-16 01:37:08.910863,1518712628.9108627,293.011339011441
2018-02-16 01:42:08.910863,1518712928.9108627,307.8181289931018
2018-02-16 01:47:08.910863,1518713228.9108627,322.53115459077026
2018-02-16 01:52:08.910863,1518713528.9108627,337.1459340743208
2018-02-16 01:57:08.910863,1518713828.9108627,351.6580156403464
2018-02-16 02:02:08.910863,1518714128.9108627,366.0629787682202
2018-02-16 02:07:08.910863,1518714428.9108627,380.3564355666295
2018-02-16 02:12:08.910863,1518714728.9108627,394.5340321101697
2018-02-16 02:17:08.910863,1518715028.9108627,408.5914497655921
2018-02-16 02:22:08.910863,1518715328.9108627,422.5244065073017
2018-02-16 02:27:08.910863,1518715628.9108627,436.32865822170334
2018-02-16 02:32:08.910863,1518715928.9108627,449.99999999999994
2018-02-16 02:37:08.910863,1518716228.9108627,463.5342674190487
2018-02-16 02:42:08.910863,1518716528.9108627,476.9273378098844
2018-02-16 02:47:08.910863,1518716828.9108627,490.1751315135244
2018-02-16 02:52:08.910863,1518717128.9108627,503.2736131236722
2018-02-16 02:57:08.910863,1518717428.9108627,516.2187927159414
2018-02-16 03:02:08.910863,1518717728.9108627,529.0067270632259
2018-02-16 03:07:08.910863,1518718028.9108627,541.6335208368434
2018-02-16 03:12:08.910863,1518718328.9108627,554.0953277930925
2018-02-16 03:17:08.910863,1518718628.9108627,566.3883519448536
2018-02-16 03:22:08.910863,1518718928.9108627,578.5088487178854
2018-02-16 03:27:08.910863,1518719228.9108627,590.4531260914565
2018-02-16 03:32:08.910863,1518719528.9108627,602.2175457229724
2018-02-16 03:37:08.910863,1518719828.9108627,613.7985240562487
2018-02-16 03:42:08.910863,1518720128.9108627,625.1925334130975
2018-02-16 03:47:08.910863,1518720428.9108627,636.3961030678927
2018-02-16 03:52:08.910863,1518720728.9108627,647.405820304786
2018-02-16 03:57:08.910863,1518721028.9108627,658.2183314572534
2018-02-16 04:02:08.910863,1518721328.9108627,668.8303429296549
2018-02-16 04:07:08.910863,1518721628.9108627,679.2386222004948
2018-02-16 04:12:08.910863,1518721928.9108627,689.4399988070802
2018-02-16 04:17:08.910863,1518722228.9108627,699.4313653112738
2018-02-16 04:22:08.910863,1518722528.9108627,709.2096782460499
2018-02-16 04:27:08.910863,1518722828.9108627,718.7719590425636
2018-02-16 04:32:08.910863,1518723128.9108627,728.1152949374527
2018-02-16 04:37:08.910863,1518723428.9108627,737.2368398600926
2018-02-16 04:42:08.910863,1518723728.9108627,746.1338152995376
2018-02-16 04:47:08.910863,1518724028.9108627,754.8035111508816
2018-02-16 04:52:08.910863,1518724328.9108627,763.2432865407834
2018-02-16 04:57:08.910863,1518724628.9108627,771.4505706319011
2018-02-16 05:02:08.910863,1518724928.9108627,779.4228634059947
2018-02-16 05:07:08.910863,1518725228.9108627,787.1577364254562
2018-02-16 05:12:08.910863,1518725528.9108627,794.6528335730342
2018-02-16 05:17:08.910863,1518725828.9108627,801.905871769531
2018-02-16 05:22:08.910863,1518726128.9108627,808.9146416692504
2018-02-16 05:27:08.910863,1518726428.9108627,815.677008332985
2018-02-16 05:32:08.910863,1518726728.9108627,822.1909118783408
2018-02-16 05:37:08.910863,1518727028.9108627,828.4543681071964
2018-02-16 05:42:08.910863,1518727328.9108627,834.4654691101086
2018-02-16 05:47:08.910863,1518727628.9108627,840.2223838474815
2018-02-16 05:52:08.910863,1518727928.9108627,845.7233587073175
2018-02-16 05:57:08.910863,1518728228.9108627,850.9667180393851
2018-02-16 06:02:08.910863,1518728528.9108627,855.9508646656382
2018-02-16 06:07:08.910863,1518728828.9108627,860.6742803667319
2018-02-16 06:12:08.910863,1518729128.9108627,865.1355263444871
2018-02-16 06:17:08.910863,1518729428.9108627,869.3332436601614
2018-02-16 06:22:08.910863,1518729728.9108627,873.2661536483969
2018-02-16 06:27:08.910863,1518730028.9108627,876.9330583067117
2018-02-16 06:32:08.910863,1518730328.9108627,880.3328406604251
2018-02-16 06:37:08.910863,1518730628.9108627,883.4644651028976
2018-02-16 06:42:08.910863,1518730928.9108627,886.3269777109872
2018-02-16 06:47:08.910863,1518731228.9108627,888.919506535624
2018-02-16 06:52:08.910863,1518731528.9108627,891.2412618674133
2018-02-16 06:57:08.910863,1518731828.9108627,893.2915364771898
2018-02-16 07:02:08.910863,1518732128.9108627,895.069705831446
2018-02-16 07:07:08.910863,1518732428.9108627,896.575228282571
2018-02-16 07:12:08.910863,1518732728.9108627,897.8076452338418
2018-02-16 07:17:08.910863,1518733028.9108627,898.7665812791164
2018-02-16 07:22:08.910863,1518733328.9108627,899.4517443171862
2018-02-16 07:27:08.910863,1518733628.9108627,899.8629256407521
2018-02-16 07:32:08.910863,1518733928.9108627,900.0
2018-02-16 07:37:08.910863,1518734228.9108627,899.8629256407521
2018-02-16 07:42:08.910863,1518734528.9108627,899.4517443171862
2018-02-16 07:47:08.910863,1518734828.9108627,898.7665812791164
2018-02-16 07:52:08.910863,1518735128.9108627,897.8076452338418
2018-02-16 07:57:08.910863,1518735428.9108627,896.575228282571
2018-02-16 08:02:08.910863,1518735728.9108627,895.069705831446
2018-02-16 08:07:08.910863,1518736028.9108627,893.2915364771899
2018-02-16 08:12:08.910863,1518736328.9108627,891.2412618674133
2018-02-16 08:17:08.910863,1518736628.9108627,888.919506535624
2018-02-16 08:22:08.910863,1518736928.9108627,886.3269777109872
2018-02-16 08:27:08.910863,1518737228.9108627,883.4644651028976
2018-02-16 08:32:08.910863,1518737528.9108627,880.3328406604251
2018-02-16 08:37:08.910863,1518737828.9108627,876.9330583067117
2018-02-16 08:42:08.910863,1518738128.9108627,873.2661536483969
2018-02-16 08:47:08.910863,1518738428.9108627,869.3332436601614
2018-02-16 08:52:08.910863,1518738728.9108627,865.1355263444871
2018-02-16 08:57:08.910863,1518739028.9108627,860.674280366732
2018-02-16 09:02:08.910863,1518739328.9108627,855.9508646656383
2018-02-16 09:07:08.910863,1518739628.9108627,850.9667180393851
2018-02-16 09:12:08.910863,1518739928.9108627,845.7233587073176
2018-02-16 09:17:08.910863,1518740228.9108627,840.2223838474815
2018-02-16 09:22:08.910863,1518740528.9108627,834.4654691101086
2018-02-16 09:27:08.910863,1518740828.9108627,828.4543681071963
2018-02-16 09:32:08.910863,1518741128.9108627,822.1909118783408
2018-02-16 09:37:08.910863,1518741428.9108627,815.677008332985
2018-02-16 09:42:08.910863,1518741728.9108627,808.9146416692503
2018-02-16 09:47:08.910863,1518742028.9108627,801.9058717695311
2018-02-16 09:52:08.910863,1518742328.9108627,794.6528335730342
2018-02-16 09:57:08.910863,1518742628.9108627,787.1577364254563
2018-02-16 10:02:08.910863,1518742928.9108627,779.4228634059948
2018-02-16 10:07:08.910863,1518743228.9108627,771.4505706319011
2018-02-16 10:12:08.910863,1518743528.9108627,763.2432865407835
2018-02-16 10:17:08.910863,1518743828.9108627,754.8035111508815
2018-02-16 10:22:08.910863,1518744128.9108627,746.1338152995376
2018-02-16 10:27:08.910863,1518744428.9108627,737.2368398600926
2018-02-16 10:32:08.910863,1518744728.9108627,728.1152949374527
2018-02-16 10:37:08.910863,1518745028.9108627,718.7719590425635
2018-02-16 10:42:08.910863,1518745328.9108627,709.2096782460499
2018-02-16 10:47:08.910863,1518745628.9108627,699.4313653112739
2018-02-16 10:52:08.910863,1518745928.9108627,689.4399988070802
2018-02-16 10:57:08.910863,1518746228.9108627,679.2386222004949
2018-02-16 11:02:08.910863,1518746528.9108627,668.8303429296549
2018-02-16 11:07:08.910863,1518746828.9108627,658.2183314572535
2018-02-16 11:12:08.910863,1518747128.9108627,647.405820304786
2018-02-16 11:17:08.910863,1518747428.9108627,636.3961030678928
2018-02-16 11:22:08.910863,1518747728.9108627,625.1925334130974
2018-02-16 11:27:08.910863,1518748028.9108627,613.7985240562488
2018-02-16 11:32:08.910863,1518748328.9108627,602.2175457229725
2018-02-16 11:37:08.910863,1518748628.9108627,590.4531260914565
2018-02-16 11:42:08.910863,1518748928.9108627,578.5088487178855
2018-02-16 11:47:08.910863,1518749228.9108627,566.3883519448536
2018-02-16 11:52:08.910863,1518749528.9108627,554.0953277930926
2018-02-16 11:57:08.910863,1518749828.9108627,541.6335208368433
2018-02-16 12:02:08.910863,1518750128.9108627,529.0067270632259
2018-02-16 12:07:08.910863,1518750428.9108627,516.2187927159414
2018-02-16 12:12:08.910863,1518750728.9108627,503.2736131236722
2018-02-16 12:17:08.910863,1518751028.9108627,490.17513151352455
2018-02-16 12:22:08.910863,1518751328.9108627,476.9273378098844
2018-02-16 12:27:08.910863,1518751628.9108627,463.53426741904894
2018-02-16 12:32:08.910863,1518751928.9108627,449.99999999999994
2018-02-16 12:37:08.910863,1518752228.9108627,436.32865822170345
2018-02-16 12:42:08.910863,1518752528.9108627,422.52440650730165
2018-02-16 12:47:08.910863,1518752828.9108627,408.5914497655922
2018-02-16 12:52:08.910863,1518753128.9108627,394.53403211016956
2018-02-16 12:57:08.910863,1518753428.9108627,380.35643556662956
2018-02-16 13:02:08.910863,1518753728.9108627,366.0629787682204
2018-02-16 13:07:08.910863,1518754028.9108627,351.6580156403464
2018-02-16 13:12:08.910863,1518754328.9108627,337.145934074321
2018-02-16 13:17:08.910863,1518754628.9108627,322.5311545907702
2018-02-16 13:22:08.910863,1518754928.9108627,307.818128993102
2018-02-16 13:27:08.910863,1518755228.9108627,293.01133901144095
2018-02-16 13:32:08.910863,1518755528.9108627,278.11529493745275
2018-02-16 13:37:08.910863,1518755828.9108627,263.13453425046293
2018-02-16 13:42:08.910863,1518756128.9108627,248.0736202352993
2018-02-16 13:47:08.910863,1518756428.9108627,232.93714059226892
2018-02-16 13:52:08.910863,1518756728.9108627,217.72970603970094
2018-02-16 13:57:08.910863,1518757028.9108627,202.45594890947868
2018-02-16 14:02:08.910863,1518757328.9108627,187.12052173598337
2018-02-16 14:07:08.910863,1518757628.9108627,171.72809583889048
2018-02-16 14:12:08.910863,1518757928.9108627,156.28335990023726
2018-02-16 14:17:08.910863,1518758228.9108627,140.79101853620787
2018-02-16 14:22:08.910863,1518758528.9108627,125.2557908640588
2018-02-16 14:27:08.910863,1518758828.9108627,109.6824090646328
2018-02-16 14:32:08.910863,1518759128.9108627,94.07561694088837
2018-02-16 14:37:08.910863,1518759428.9108627,78.44016847289238
2018-02-16 14:42:08.910863,1518759728.9108627,62.78082636971297
2018-02-16 14:47:08.910863,1518760028.9108627,47.10236061864943
2018-02-16 14:52:08.910863,1518760328.9108627,31.409547032251027
2018-02-16 14:57:08.910863,1518760628.9108627,15.707165793555095
2018-02-16 15:02:08.910863,1518760928.9108627,0.0
2018-02-16 15:07:08.910863,1518761228.9108627,15.707165793555161
2018-02-16 15:12:08.910863,1518761528.9108627,31.409547032250874
2018-02-16 15:17:08.910863,1518761828.9108627,47.10236061864945
2018-02-16 15:22:08.910863,1518762128.9108627,62.78082636971277
2018-02-16 15:27:08.910863,1518762428.9108627,78.44016847289235
2018-02-16 15:32:08.910863,1518762728.9108627,94.07561694088812
2018-02-16 15:37:08.910863,1518763028.9108627,109.68240906463272
2018-02-16 15:42:08.910863,1518763328.9108627,125.2557908640589
2018-02-16 15:47:08.910863,1518763628.9108627,140.7910185362078
2018-02-16 15:52:08.910863,1518763928.9108627,156.2833599002373
2018-02-16 15:57:08.910863,1518764228.9108627,171.7280958388903
2018-02-16 16:02:08.910863,1518764528.9108627,187.1205217359834
2018-02-16 16:07:08.910863,1518764828.9108627,202.4559489094785
2018-02-16 16:12:08.910863,1518765128.9108627,217.72970603970094
2018-02-16 16:17:08.910863,1518765428.9108627,232.93714059226866
2018-02-16 16:22:08.910863,1518765728.9108627,248.07362023529924
2018-02-16 16:27:08.910863,1518766028.9108627,263.1345342504631
2018-02-16 16:32:08.910863,1518766328.9108627,278.11529493745263
2018-02-16 16:37:08.910863,1518766628.9108627,293.011339011441
2018-02-16 16:42:08.910863,1518766928.9108627,307.8181289931018
2018-02-16 16:47:08.910863,1518767228.9108627,322.53115459077026
2018-02-16 16:52:08.910863,1518767528.9108627,337.1459340743208
2018-02-16 16:57:08.910863,1518767828.9108627,351.6580156403464
2018-02-16 17:02:08.910863,1518768128.9108627,366.0629787682202
2018-02-16 17:07:08.910863,1518768428.9108627,380.3564355666295
2018-02-16 17:12:08.910863,1518768728.9108627,394.5340321101697
2018-02-16 17:17:08.910863,1518769028.9108627,408.5914497655921
2018-02-16 17:22:08.910863,1518769328.9108627,422.5244065073017
2018-02-16 17:27:08.910863,1518769628.9108627,436.32865822170334
2018-02-16 17:32:08.910863,1518769928.9108627,449.99999999999994
2018-02-16 17:37:08.910863,1518770228.9108627,463.5342674190487
2018-02-16 17:42:08.910863,1518770528.9108627,476.9273378098844
2018-02-16 17:47:08.910863,1518770828.9108627,490.1751315135244
2018-02-16 17:52:08.910863,1518771128.9108627,503.2736131236722
2018-02-16 17:57:08.910863,1518771428.9108627,516.2187927159414
2018-02-16 18:02:08.910863,1518771728.9108627,529.0067270632259
2018-02-16 18:07:08.910863,1518772028.9108627,541.6335208368434
2018-02-16 18:12:08.910863,1518772328.9108627,554.0953277930925
2018-02-16 18:17:08.910863,1518772628.9108627,566.3883519448536
2018-02-16 18:22:08.910863,1518772928.9108627,578.5088487178854
2018-02-16 18:27:08.910863,1518773228.9108627,590.4531260914565
2018-02-16 18:32:08.910863,1518773528.9108627,602.2175457229724
2018-02-16 18:37:08.910863,1518773828.9108627,613.7985240562487
2018-02-16 18:42:08.910863,1518774128.9108627,625.1925334130975
2018-02-16 18:47:08.910863,1518774428.9108627,636.3961030678927
2018-02-16 18:52:08.910863,1518774728.9108627,647.405820304786
2018-02-16 18:57:08.910863,1518775028.9108627,658.2183314572534
2018-02-16 19:02:08.910863,1518775328.9108627,668.8303429296549
2018-02-16 19:07:08.910863,1518775628.9108627,679.2386222004948
2018-02-16 19:12:08.910863,1518775928.9108627,689.4399988070802
2018-02-16 19:17:08.910863,1518776228.9108627,699.4313653112738
2018-02-16 19:22:08.910863,1518776528.9108627,709.2096782460499
2018-02-16 19:27:08.910863,1518776828.9108627,718.7719590425636
2018-02-16 19:32:08.910863,1518777128.9108627,728.1152949374527
2018-02-16 19:37:08.910863,1518777428.9108627,737.2368398600926
2018-02-16 19:42:08.910863,1518777728.9108627,746.1338152995376
2018-02-16 19:47:08.910863,1518778028.9108627,754.8035111508816
2018-02-16 19:52:08.910863,1518778328.9108627,763.2432865407834
2018-02-16 19:57:08.910863,1518778628.9108627,771.4505706319011
2018-02-16 20:02:08.910863,1518778928.9108627,779.4228634059947
2018-02-16 20:07:08.910863,1518779228.9108627,787.1577364254562
2018-02-16 20:12:08.910863,1518779528.9108627,794.6528335730342
2018-02-16 20:17:08.910863,1518779828.9108627,801.905871769531
2018-02-16 20:22:08.910863,1518780128.9108627,808.9146416692504
2018-02-16 20:27:08.910863,1518780428.9108627,815.677008332985
2018-02-16 20:32:08.910863,1518780728.9108627,822.1909118783408
2018-02-16 20:37:08.910863,1518781028.9108627,828.4543681071964
2018-02-16 20:42:08.910863,1518781328.9108627,834.4654691101086
2018-02-16 20:47:08.910863,1518781628.9108627,840.2223838474815
2018-02-16 20:52:08.910863,1518781928.9108627,845.7233587073175
2018-02-16 20:57:08.910863,1518782228.9108627,850.9667180393851
2018-02-16 21:02:08.910863,1518782528.9108627,855.9508646656382
2018-02-16 21:07:08.910863,1518782828.9108627,860.6742803667319
2018-02-16 21:12:08.910863,1518783128.9108627,865.1355263444871
2018-02-16 21:17:08.910863,1518783428.9108627,869.3332436601614
2018-02-16 21:22:08.910863,1518783728.9108627,873.2661536483969
2018-02-16 21:27:08.910863,1518784028.9108627,876.9330583067117
2018-02-16 21:32:08.910863,1518784328.9108627,880.3328406604251
2018-02-16 21:37:08.910863,1518784628.9108627,883.4644651028976
2018-02-16 21:42:08.910863,1518784928.9108627,886.3269777109872
2018-02-16 21:47:08.910863,1518785228.9108627,888.919506535624
2018-02-16 21:52:08.910863,1518785528.9108627,891.2412618674133
2018-02-16 21:57:08.910863,1518785828.9108627,893.2915364771898
2018-02-16 22:02:08.910863,1518786128.9108627,895.069705831446
2018-02-16 22:07:08.910863,1518786428.9108627,896.575228282571
2018-02-16 22:12:08.910863,1518786728.9108627,897.8076452338418
2018-02-16 22:17:08.910863,1518787028.9108627,898.7665812791164
2018-02-16 22:22:08.910863,1518787328.9108627,899.4517443171862
2018-02-16 22:27:08.910863,1518787628.9108627,899.8629256407521
2018-02-16 22:32:08.910863,1518787928.9108627,900.0
2018-02-16 22:37:08.910863,1518788228.9108627,899.8629256407521
2018-02-16 22:42:08.910863,1518788528.9108627,899.4517443171862
2018-02-16 22:47:08.910863,1518788828.9108627,898.7665812791164
2018-02-16 22:52:08.910863,1518789128.9108627,897.8076452338418
2018-02-16 22:57:08.910863,1518789428.9108627,896.575228282571
2018-02-16 23:02:08.910863,1518789728.9108627,895.069705831446
2018-02-16 23:07:08.910863,1518790028.9108627,893.2915364771899
2018-02-16 23:12:08.910863,1518790328.9108627,891.2412618674133
2018-02-16 23:17:08.910863,1518790628.9108627,888.919506535624
